"sort_id","cat","name","emoji","unit_kind","g_per_1ke","portion_name","portion_count","portion_amount","portion_ke","portion_carbs_g","info",
23,"Brot & Gebäck","Brot/Brötchen Dinkel, Roggen, Weizen, z. B. Baguette, Ciabatta","🍞","g",20,"Stück",1,50,"2,5",25,"1 KE = 20 g; Portion: 1 Stück ca. 50 g = 2.5 KE","kein Komma, also  . durch , 3.7 → 3,7"
34,"Brot & Gebäck","Brot/Brötchen Dinkel, Roggen, Weizen, z. B. Baguette, Ciabatta","🍞","g",20,"Stück",1,75,"3,75","37,5","1 KE = 20 g; Portion: 1 Stück ca. 75 g = 3.7 KE",
45,"Brot & Gebäck","Croissant","🍞","g",30,"Stück",1,60,2,20,"1 KE = 30 g; Portion: 1 Stück ca. 60 g = 2 KE",
56,"Brot & Gebäck","Schokocroissant","🍞","g",24,"Stück",1,60,"2,5",25,"1 KE = 24 g; Portion: 1 Stück ca. 60 g = 2.5 KE",
67,"Brot & Gebäck","Fladenbrot","🍞","g",20,"","","","",0,"1 KE = 20 g",
78,"Brot & Gebäck","Knäckebrot","🍞","g",15,"Scheibe",1,10,"0,67","6,67","1 KE = 15 g; Portion: 1 Scheibe ca. 10 g = 0.7 KE",
89,"Brot & Gebäck","Körnerbrot","🍞","g",25,"","","","",0,"1 KE = 25 g",
100,"Brot & Gebäck","Kürbiskernbrötchen, Mehrkornbrötchen","🍞","g",25,"Stück",1,80,"3,2",32,"1 KE = 25 g; Portion: 1 Stück ca. 80 g = 3.2 KE",
111,"Brot & Gebäck","Kürbiskernbrötchen, Mehrkornbrötchen","🍞","g",25,"Stück",1,100,4,40,"1 KE = 25 g; Portion: 1 Stück ca. 100 g = 4.0 KE",
122,"Brot & Gebäck","Laugenbrezel","🍞","g",20,"Stück",1,75,"3,75","37,5","1 KE = 20 g; Portion: 1 Stück ca. 75 g = 3.8 KE",
133,"Brot & Gebäck","Mischbrot (Graubrot)","🍞","g",25,"","","","",0,"1 KE = 25 g",
144,"Brot & Gebäck","Pumpernickel","🍞","g",25,"Scheibe","0,5","","",0,"1 KE = 25 g; Portion: ca. ½ Scheibe = 1 KE",
155,"Brot & Gebäck","Toastbrot","🍞","g",20,"Scheibe",1,"","",0,"1 KE = 20 g; Portion: 1 Scheibe = 1 KE",
166,"Brot & Gebäck","Vollkornbrötchen","🍞","g",30,"Stück",1,100,"3,33","33,33","1 KE = 30 g; Portion: 1 Stück ca. 100 g = 3.3 KE",
177,"Brot & Gebäck","Vollkorntoast","🍞","g",25,"Scheibe",1,"","",0,"1 KE = 25 g; Portion: 1 Scheibe = 1 KE",
188,"Brot & Gebäck","Vollkornbrot Dinkel, Roggen, Weizen","🍞","g",30,"","","","",0,"1 KE = 30 g",
199,"Brot & Gebäck","Zwieback","🍞","g",14,"Stück",1,10,"0,71","7,14","1 KE = 14 g; Portion: 1 Stück ca. 10 g = 0.7 KE",
210,"Brot & Gebäck","Vollkornzwieback","🍞","g",15,"","","","",0,"1 KE = 15 g",
221,"Getreide und Getreideprodukte","Amarant","🍽️","g",18,"","","","",0,"1 KE = 18 g; gekocht: ca. 50 g = 1 KE",
232,"Getreide und Getreideprodukte","Bindemittel Kartoffelstärke, Maisstärke z. B. Gustin, Mondamin, Tapioka-Sago, Weizenstärke","🍽️","g",12,"Esslöffel",1,"","",0,"1 KE = 12 g; 1 Esslöffel = 1 KE",
243,"Getreide und Getreideprodukte","Bulgur","🍽️","g",13,"","","","",0,"1 KE = 13 g; gekocht: ca. 45 g  = 1 KE",
254,"Getreide und Getreideprodukte","Cornflakes* ca. verschiedene Sorten/Durchschnittswert","🍽️","g",12,"","","","",0,"1 KE = 12 g",
265,"Getreide und Getreideprodukte","Couscous","🍽️","g",14,"","","","",0,"1 KE = 14 g; gekocht: ca. 50 g  = 1 KE",
276,"Getreide und Getreideprodukte","Grünkern geschrotet","🍽️","g",15,"","","","",0,"1 KE = 15 g",
287,"Getreide und Getreideprodukte","Grieß","🍽️","g",13,"","","","",0,"1 KE = 13 g; gekocht: ca. 100 g = 1 KE",
298,"Getreide und Getreideprodukte","Haferflocken","🍽️","g",15,"","","","",0,"1 KE = 15 g",
309,"Getreide und Getreideprodukte","Hirse","🍽️","g",15,"","","","",0,"1 KE = 15 g; gekocht: ca. 60 g = 1 KE",
320,"Getreide und Getreideprodukte","Maisgrieß (Polenta)","🍽️","g",14,"","","","",0,"1 KE = 14 g; gekocht: ca. 50 g = 1 KE",
331,"Getreide und Getreideprodukte","Mehl Dinkel, Roggen, Weizen","🍽️","g",14,"","","","",0,"1 KE = 14 g; Portion: 1 Esslöffel = 1 KE",
342,"Getreide und Getreideprodukte","Vollkornmehl Dinkel, Roggen, Weizen","🍽️","g",16,"","","","",0,"1 KE = 16 g",
353,"Getreide und Getreideprodukte","Paniermehl","🍽️","g",13,"Esslöffel","","","",0,"1 KE = 13 g; Portion: 1 Esslöffel = 1 KE",
364,"Getreide und Getreideprodukte","Quinoa","🍽️","g",17,"","","","",0,"1 KE = 17 g; gekocht: ca. 50 g = 1 KE",
375,"Getreide und Getreideprodukte","Reis geschält","🍚","g",13,"","","","",0,"1 KE = 13 g; gekocht: ca. 45 g = 1 KE",
386,"Getreide und Getreideprodukte","Vollkornreis/Naturreis","🍽️","g",15,"","","","",0,"1 KE = 15 g; gekocht: ca. 52 g  = 1 KE",
397,"Getreide und Getreideprodukte","Reispapier aus Reismehl (Asiaküche)","🍽️","g",13,"","","","",0,"1 KE = 13 g",
408,"Getreide und Getreideprodukte","Reiswaffel natur","🍽️","g",13,"Stück",2,14,"1,08","10,77","1 KE = 13 g; Portion: ca. 2 Stück à 7 g  = 1 KE",
419,"Getreide und Getreideprodukte","Reiswaffel Schokolade *Bitte die Angaben des Herstellers beachten","🍫","g",17,"",1,17,1,10,"1 KE = 17 g; Portion: 1 Stück à 17 g  = 1 KE",
430,"Teigwaren","Blätterteig TK","🍽️","g",30,"Scheibe",1,75,"2,5",25,"1 KE = 30 g; gekocht: 1 Scheibe à 75 g = 2.5 KE",
441,"Teigwaren","Hefeteig/Pizzateig frisch","🍽️","g",25,"","","","",0,"1 KE = 25 g",
452,"Teigwaren","Flädle","🍽️","g",33,"","","","",0,"1 KE = 33 g",
463,"Teigwaren","Lasagneblätter","🍽️","g",14,"Blatt",1,17,"1,21","12,14","1 KE = 14 g; gekocht: 1 Blatt à 17 g = 1.2 KE",
474,"Teigwaren","Nudeln/Spaghetti","🍝","g",15,"","","","",0,"1 KE = 15 g; gekocht: ca. 40 g  = 1 KE",
485,"Teigwaren","Spätzle","🍽️","g",16,"","","","",0,"1 KE = 16 g; gekocht: ca. 45 g  = 1 KE",
496,"Teigwaren","Vollkornnudeln","🍽️","g",17,"","","","",0,"1 KE = 17 g; gekocht: ca. 50 g  = 1 KE",
507,"Teigwaren","Reisnudeln","🍽️","g",12,"","","","",0,"1 KE = 12 g; gekocht: ca. 30 g  = 1 KE",
518,"Teigwaren","Schupfnudeln","🍽️","g",36,"","","","",0,"1 KE = 36 g",
529,"Kartoffelprodukte","Gnocchi gekocht","🍽️","g",47,"","","","",0,"1 KE = 47 g ",
540,"Kartoffelprodukte","Kartoffeln gebraten","🥔","g",50,"","","","",0,"1 KE = 50 g",
551,"Kartoffelprodukte","Kartoffeln gekocht, ohne Schale","🥔","g",70,"",1,70,1,10,"1 KE = 70 g; Portion: eine Kartoffel hühnereigroß = 1 KE",
562,"Kartoffelprodukte","Kartoffelpüree klassische Art","🍽️","g",90,"","","","",0,"1 KE = 90 g",
573,"Kartoffelprodukte","Kartoffelknödel gekocht","🍽️","g",45,"","0,5","22,5","0,5",5,"1 KE = 45 g; Portion: ½ Knödel = 1 KE",
584,"Kartoffelprodukte","Kartoffelpuffer","🍽️","g",44,"",1,44,1,10,"1 KE = 44 g; Portion: ein kleiner Kartoffelpuffer = 1 KE",
595,"Kartoffelprodukte","Kartoffelsalat","🍽️","g",90,"","","","",0,"1 KE = 90 g",
606,"Kartoffelprodukte","Kroketten","🍽️","g",40,"Stück",2,40,1,10,"1 KE = 40 g; Portion: zwei Stück à 20 g = 1 KE",
617,"Kartoffelprodukte","Süßkartoffeln (Batate) roh, mit Schale","🍽️","g",40,"","","","",0,"1 KE = 40 g",
628,"Kartoffelprodukte","Pommes aus dem Backofen","🍟","g",30,"Stück",10,300,10,100,"1 KE = 30 g; Portion: je nach Größe 10–15 Stück = 1 KE",
639,"Kartoffelprodukte","Pommes aus der Friteuse","🍟","g",40,"","","","",0,"1 KE = 40 g",
650,"Obst","Ananas frisch","🍍","g",80,"Scheibe",1,"","",0,"1 KE = 80 g; Portion: 1 fingerdicke Scheibe = 1 KE",
661,"Obst","Ananas in Scheiben Konserve (abgetropft)","🍍","g",50,"","","","",0,"1 KE = 50 g",
672,"Obst","Apfel","🍎","g",90,"",1,100,"1,11","11,11","1 KE = 90 g; mit Schale und Stein: 100 g",
683,"Obst","Apfelmus gezuckert","🍎","g",55,"","","","",0,"1 KE = 55 g",
694,"Obst","Apfelmus ungezuckert","🍎","g",80,"","","","",0,"1 KE = 80 g",
705,"Obst","Aprikosen","🍎","g",120,"",3,390,"3,25","32,5","1 KE = 120 g;  mit Schale und Stein: 130 g - 3 Stück",
716,"Obst","Banane","🍌","g",50,"","0,5",40,"0,8",8,"1 KE = 50 g;  mit Schale und Stein: 80 g ca. 1/3 - ½ Banane",
727,"Obst","Birne","🍐","g",80,"",1,90,"1,13","11,25","1 KE = 80 g;  mit Schale und Stein: 90 g - 1 kleine Birne",
738,"Obst","Brombeere","🍎","g",160,"","","","",0,"1 KE = 160 g",
749,"Obst","Erdbeeren frisch","🍓","g",180,"",1,200,"1,11","11,11","1 KE = 180 g;  mit Schale und Stein: 200 g",
760,"Obst","Feigen frisch","🍎","g",80,"",1,80,1,10,"1 KE = 80 g; Portion: eine mittelgroße Feige = 1 KE",
771,"Obst","Grapefruit","🍎","g",135,"","0,5",90,"0,67","6,67","1 KE = 135 g;  mit Schale und Stein: 180 g ca. ½ Grapefruit = 1 KE",
782,"Obst","Heidelbeeren","🍎","g",165,"","","","",0,"1 KE = 165 g",
793,"Obst","Himbeeren","🍎","g",210,"","","","",0,"1 KE = 210 g",
804,"Obst","Honigmelone","🍎","g",80,"",1,130,"1,63","16,25","1 KE = 80 g; mit Schale: 130 g",
815,"Obst","Johannisbeeren rot","🍎","g",210,"","","","",0,"1 KE = 210 g",
826,"Obst","Johannisbeeren schwarz","🍎","g",160,"","","","",0,"1 KE = 160 g",
837,"Obst","Kaki","🍎","g",60,"","","","",0,"1 KE = 60 g",
848,"Obst","Kirschen sauer","🍒","g",100,"","","","",0,"1 KE = 100 g;  mit Schale und Stein 110 g",
859,"Obst","Kirschen süß","🍒","g",75,"",10,850,"11,33","113,33","1 KE = 75 g;  mit Schale und Stein: 85 g – 10 Stück = 1 KE",
870,"Obst","Kiwi","🍎","g",110,"Stück","1,5",180,"1,64","16,36","1 KE = 110 g;  mit Schale und Stein: 120 g - 1,5 Stück = 1 KE",
881,"Obst","Litschi","🍎","g",60,"",1,120,2,20,"1 KE = 60 g;  mit Schale und Stein: 120 g",
892,"Obst","Mandarinen","🍎","g",100,"Stück",2,220,"2,2",22,"1 KE = 100 g;  mit Schale und Stein: 110 g – 2 Stück = 1 KE",
903,"Obst","Mango","🍎","g",80,"","","","",0,"1 KE = 80 g",
914,"Obst","Mirabellen","🍎","g",70,"","","","",0,"1 KE = 70 g;  mit Schale und Stein: 80 g",
925,"Obst","Nektarinen","🍎","g",80,"",1,90,"1,13","11,25","1 KE = 80 g;  mit Schale und Stein: 90 g – 1 mittelgroße Nektarine = 1 KE",
936,"Obst","Orangen","🍊","g",120,"",1,140,"1,17","11,67","1 KE = 120 g;  mit Schale und Stein: 140 g",
947,"Obst","Papaya","🍎","g",140,"",1,140,1,10,"1 KE = 140 g; 1 Stück",
958,"Obst","Pfirsich","🍎","g",110,"",1,120,"1,09","10,91","1 KE = 110 g;  mit Schale und Stein: 120 g  - 1 mittelgroßer Pfirsich = 1 KE",
969,"Obst","Pflaumen","🍎","g",100,"",3,330,"3,3",33,"1 KE = 100 g;  mit Schale und Stein: 110 g – 3 Stück = 1 KE",
980,"Obst","Quitten","🍎","g",140,"",1,140,1,10,"1 KE = 140 g; Portion: 1 Stück",
991,"Obst","Rhabarber","🍎","g",735,"","","","",0,"1 KE = 735 g",
1002,"Obst","Stachelbeeren","🍎","g",140,"","","","",0,"1 KE = 140 g",
1013,"Obst","Wassermelone","🍉","g",120,"",1,160,"1,33","13,33","1 KE = 120 g;  mit Schale und Stein: 160 g",
1024,"Obst","Weintrauben Trockenobst","🍎","g",65,"",8,520,8,80,"1 KE = 65 g; Portion: 8–10 mittelgroße Trauben = 1 KE",
1035,"Obst","Aprikosen","🍎","g",20,"","","","",0,"1 KE = 20 g",
1046,"Obst","Rosinen/Datteln","🍎","g",15,"","","","",0,"1 KE = 15 g",
1057,"Gemüse","Artischocke","🥕","g",380,"","","","",0,"1 KE = 380 g; Ballaststoffe: 41,0 g",
1068,"Gemüse","Aubergine","🥕","g",400,"","","","",0,"1 KE = 400 g; Ballaststoffe: 11,3 g",
1079,"Gemüse","Bambussprossen","🥕","g",1040,"","","","",0,"1 KE = 1040 g",
1090,"Gemüse","Bleichsellerie","🥕","g",460,"","","","",0,"1 KE = 460 g; Ballaststoffe: 11,7 g",
1101,"Gemüse","Blumenkohl","🥕","g",430,"","","","",0,"1 KE = 430 g; gekocht: 495 g Ballaststoffe: 11,7 g",
1112,"Gemüse","Bohnen grün","🫘","g",200,"","","","",0,"1 KE = 200 g; gekocht: 630 g; Ballaststoffe: 9,4 g",
1123,"Gemüse","Brokkoli","🥦","g",375,"","","","",0,"1 KE = 375 g; gekocht: 490 g; Ballaststoffe: 13,4 g",
1134,"Gemüse","Brunnenkresse","🥕","g",490,"","","","",0,"1 KE = 490 g; Ballaststoffe: 7,2 g",
1145,"Gemüse","Chicoree","🥕","g",410,"","","","",0,"1 KE = 410 g; Ballaststoffe: 5,1 g",
1156,"Gemüse","Chinakohl","🥕","g",810,"","","","",0,"1 KE = 810 g; Ballaststoffe: 15,3 g",
1167,"Gemüse","Endivien","🥕","g",810,"","","","",0,"1 KE = 810 g; Ballaststoffe: 9,8 g",
1178,"Gemüse","Erbsen Schote und Frucht","🥕","g",80,"","","","",0,"1 KE = 80 g; gekocht: 100 g; Ballaststoffe: 3,4 g",
1189,"Gemüse","Erbsensprossen","🥕","g",540,"","","","",0,"1 KE = 540 g; Ballaststoffe: 11,5 g",
1200,"Gemüse","Essiggurke","🥕","g",330,"","","","",0,"1 KE = 330 g; Ballaststoffe: 3,0 g",
1211,"Gemüse","Feldsalat","🥕","g",1235,"","","","",0,"1 KE = 1235 g; Ballaststoffe: 18,7 g",
1222,"Gemüse","Fenchel Blatt","🥕","g",350,"","","","",0,"1 KE = 350 g; Ballaststoffe: 14,7 g",
1233,"Gemüse","Fenchel Knolle","🥕","g",330,"","","","",0,"1 KE = 330 g; Ballaststoffe 6,6 g",
1244,"Gemüse","Gartenkresse","🥕","g",400,"","","","",0,"1 KE = 400 g; Ballaststoffe: 14,1 g",
1255,"Gemüse","Grünkohl","🥕","g",395,"","","","",0,"1 KE = 395 g; Ballaststoffe: 16,5 g",
1266,"Gemüse","Gurke","🥒","g",550,"","","","",0,"1 KE = 550 g; Ballaststoffe: 9,9 g",
1277,"Gemüse","Karotte","🥕","g",210,"","","","",0,"1 KE = 210 g; gekocht: 320 g; Ballaststoffe: 7,8 g",
1288,"Gemüse","Knoblauch","🥕","g",35,"","","","",0,"1 KE = 35 g; Ballaststoffe: 0,6 g",
1299,"Gemüse","Kohlrabi","🥕","g",270,"","","","",0,"1 KE = 270 g; Ballaststoffe: 3,9 g",
1310,"Gemüse","Kohlrübe","🥕","g",175,"","","","",0,"1 KE = 175 g; Ballaststoffe: 5,0 g",
1321,"Gemüse","Kopfsalat","🥕","g",945,"","","","",0,"1 KE = 945 g; Ballaststoffe: 13,5 g",
1332,"Gemüse","Kürbis","🥕","g",220,"","","","",0,"1 KE = 220 g; Ballaststoffe: 4,7 g",
1343,"Gemüse","Lauch","🥕","g",310,"","","","",0,"1 KE = 310 g; Ballaststoffe: 6,9 g",
1354,"Gemüse","Linsensprossen","🥕","g",595,"","","","",0,"1 KE = 595 g; Ballaststoffe: 12,2 g",
1365,"Gemüse","Löwenzahnblätter","🥕","g",410,"","","","",0,"1 KE = 410 g; Ballaststoffe: 12,3 g",
1376,"Gemüse","Mangold","🥕","g",1450,"","","","",0,"1 KE = 1450 g",
1387,"Gemüse","Mais Zuckermais","🌽","g",60,"","","","",0,"1 KE = 60 g; gekocht: 60–100 g; Ballaststoffe: 5,0 g",
1398,"Gemüse","Maiskolben (gekocht)","🥕","g",100,"Stück",1,250,"2,5",25,"1 KE = 100 g; Portion: 1 Stück ca. 250 g = 2.5 KE",
1409,"Gemüse","Mungobohnensprossen","🥕","g",570,"","","","",0,"1 KE = 570 g; Ballaststoffe: 7,0 g",
1420,"Gemüse","Paprika","🥕","g",340,"","","","",0,"1 KE = 340 g; Ballaststoffe: 12,3 g",
1431,"Gemüse","Pastinake","🥕","g",80,"","","","",0,"1 KE = 80 g; Ballaststoffe: 1,7 g",
1442,"Gemüse","Petersilie Blatt","🥕","g",135,"","","","",0,"1 KE = 135 g; Ballaststoffe: 5,7 g",
1453,"Gemüse","Portulak","🥕","g",1595,"","","","",0,"1 KE = 1595 g",
1464,"Gemüse","Radieschen","🥕","g",470,"","","","",0,"1 KE = 470 g; Ballaststoffe: 7,6 g",
1475,"Gemüse","Rettich","🥕","g",420,"","","","",0,"1 KE = 420 g; Ballaststoffe: 10,4 g",
1486,"Gemüse","Rhabarber","🥕","g",735,"","","","",0,"1 KE = 735 g; Ballaststoffe: 23,5 g",
1497,"Gemüse","Rosenkohl","🥕","g",300,"","","","",0,"1 KE = 300 g; gekocht: 410 g; Ballaststoffe: 16,3 g",
1508,"Gemüse","Rote Beete","🥕","g",120,"","","","",0,"1 KE = 120 g; gekocht: 160 g; Ballaststoffe: 3,0 g",
1519,"Gemüse","Rotkohl","🥕","g",280,"","","","",0,"1 KE = 280 g; Ballaststoffe: 7,0 g",
1530,"Gemüse","Ruccola","🥕","g",480,"","","","",0,"1 KE = 480 g; Ballaststoffe: 7,6 g",
1541,"Gemüse","Sauerkraut","🥕","g",1300,"","","","",0,"1 KE = 1300 g; Ballaststoffe: 27,7 g",
1552,"Gemüse","Schwarzwurzel","🥕","g",470,"","","","",0,"1 KE = 470 g; gekocht: 500 g; Ballaststoffe:  86,3 g",
1563,"Gemüse","Sellerie (Knollensellerie)","🥕","g",445,"","","","",0,"1 KE = 445 g; Ballaststoffe: 18,7 g",
1574,"Gemüse","Spargel","🥕","g",490,"","","","",0,"1 KE = 490 g; gekocht: 885 g; Ballaststoffe: 11,5 g",
1585,"Gemüse","Spinat","🥕","g",1640,"","","","",0,"1 KE = 1640 g; gekocht: 2220 g; Ballaststoffe:  45,7 g ",
1596,"Gemüse","Sojasprossen","🥕","g",210,"","","","",0,"1 KE = 210 g; Ballaststoffe: 5,0 g",
1607,"Gemüse","Tapioka/Cassave","🥕","g",30,"","","","",0,"1 KE = 30 g; Ballaststoffe: 0,9 g",
1618,"Gemüse","Tomate","🍅","g",385,"","","","",0,"1 KE = 385 g; gekocht: 400 g; Ballaststoffe:  3,7 g",
1629,"Gemüse","Topinambur","🥕","g",250,"","","","",0,"1 KE = 250 g; Ballaststoffe: 30,2 g",
1640,"Gemüse","Weiße Rübe","🥕","g",215,"","","","",0,"1 KE = 215 g; Ballaststoffe: 7,4 g",
1651,"Gemüse","Weißkohl","🥕","g",240,"","","","",0,"1 KE = 240 g; Ballaststoffe: 7,0 g",
1662,"Gemüse","Wirsing","🥕","g",340,"","","","",0,"1 KE = 340 g; Ballaststoffe: 8,8 g",
1673,"Gemüse","Zucchini","🥕","g",440,"","","","",0,"1 KE = 440 g; Ballaststoffe: 4,7 g",
1684,"Gemüse","Zwiebel","🥕","g",200,"","","","",0,"1 KE = 200 g; Ballaststoffe: 3,6 g",
1695,"Nüsse und Samen","Cashewnüsse* geröstet und gesalzen","🍽️","g","40,0","","","","",0,"1 KE = 40 g",
1706,"Nüsse und Samen","Erdnüsse* geröstet und gesalzen","🍽️","g","75,0","","","","",0,"1 KE = 75 g",
1717,"Nüsse und Samen","Haselnusskerne","🍽️","g","100,0","","","","",0,"1 KE = 100 g",
1728,"Nüsse und Samen","Kokosnuss frisch","🍽️","g","250,0","","","","",0,"1 KE = 250 g",
1739,"Nüsse und Samen","Kokosnuss geraspelt","🍽️","g","125,0","","","","",0,"1 KE = 125 g",
1750,"Nüsse und Samen","Kürbiskerne","🍽️","g","300,0","","","","",0,"1 KE = 300 g",
1761,"Nüsse und Samen","Leinsaat (geschrotet)","🍽️","g","130,0","","","","",0,"1 KE = 130 g",
1772,"Nüsse und Samen","Mandeln","🥜","g","150,0","Stück",100,"","",0,"1 KE = 150 g; Portion: 100 Stück = 1 KE",
1783,"Nüsse und Samen","Maronen gekocht (geschält)","🍽️","g","20,0","Stück",4,20,1,10,"1 KE = 20 g; Portion: ca. 4 Stück à 5 g  = 1 KE",
1794,"Nüsse und Samen","Maronen geröstet (in der Schale)","🍽️","g","30,0","Stück",6,30,1,10,"1 KE = 30 g; Portion: ca. 6 Stück à 5 g  = 1 KE",
1805,"Nüsse und Samen","Mohn","🍽️","g","240,0","","","","",0,"1 KE = 240 g",
1816,"Nüsse und Samen","Pinienkerne*","🍽️","g","50,0","","","","",0,"1 KE = 50 g",
1827,"Nüsse und Samen","Pistazien* geröstet und gesalzen","🍽️","g","75,0","","","","",0,"1 KE = 75 g",
1838,"Nüsse und Samen","Sesam","🍽️","g","100,0","","","","",0,"1 KE = 100 g",
1849,"Nüsse und Samen","Sonnenblumenkerne*","🍽️","g","80,0","","","","",0,"1 KE = 80 g",
1860,"Nüsse und Samen","Walnusskerne","🍽️","g","100,0","","","","",0,"1 KE = 100 g",
1871,"Milch und Milchprodukte","Ayran","🥛","ml","300,0","Becher",1,250,"0,83","8,33","1 KE = 300 ml; Portion: 1 Becher à 250 ml  = 0.8 KE",
1882,"Milch und Milchprodukte","Buttermilch, Dickmilch, Kefir, Molke, Sauermilch","🥛","ml","250,0","Glas",1,250,1,10,"1 KE = 250 ml; Portion: 1 Glas = 1 KE",
1893,"Milch und Milchprodukte","Kondensmilch ungesüßt, alle Fettstufen","🥛","ml","80,0","","","","",0,"1 KE = 80 ml",
1904,"Milch und Milchprodukte","Milch alle Fettstufen","🥛","ml","200,0","Glas",1,200,1,10,"1 KE = 200 ml; Portion: 1 Glas = 1 KE",
1915,"Milch und Milchprodukte","Naturjoghurt","🥛","g","200,0","","","","",0,"1 KE = 200 g",
1926,"Milch und Milchprodukte","Quark natur bis 250 g ohne Berechnung","🥛","g","0,0","","","","","","1 KE = 250 g; Portion: ohne Berechnung",
1937,"Milch und Milchprodukte","Saure Sahne, Schlagsahne 300 ml ohne Berechnung","🥛","ml","0,0","","","","","","1 KE = 300 ml; Portion: ohne Berechnung",
1948,"Milchersatzprodukte","Haferdrink natur, ungesüßt","🍽️","ml","120,0","","","","",0,"1 KE = 120 ml",
1959,"Milchersatzprodukte","Kokosdrink natur, ungesüßt ca.","🍽️","ml","300,0","","","","",0,"1 KE = 300 ml",
1970,"Milchersatzprodukte","Mandeldrink natur, ungesüßt ca.","🍽️","ml","300,0","","","","",0,"1 KE = 300 ml",
1981,"Milchersatzprodukte","Reisdrink natur, ungesüßt","🍽️","ml","100,0","","","","",0,"1 KE = 100 ml",
1992,"Milchersatzprodukte","Sojadrink natur, ungesüßt ca.","🍽️","ml","300,0","","","","",0,"1 KE = 300 ml",
2003,"Eiweiß","Käse","🍽️","g","180,0","Scheibe",6,1080,6,60,"1 KE = 180 g–220 g – 6 bis 7 Scheiben = 1 KE",
2014,"Eiweiß","Mozzarella, Camembert, Feta Grillkäse","🍽️","g","250,0"," Mozzarellakugeln",2,500,2,20,"1 KE = 250 g; Portion: 2 runde Mozzarellakugeln = 1 KE",
2025,"Eiweiß","Quark","🥣","g","400,0","","","","",0,"1 KE = 400 g",
2036,"Eiweiß","Fisch","🐟","g","230,0","Erwachsenenhände ","1,5",345,"1,5",15,"1 KE = 230 g; Portion: 1,5 Erwachsenenhände = 1 KE",
2047,"Eiweiß","Fleisch 170 –210","🍽️","g","210,0","Erwachsenenhände ",1,210,1,10,"1 KE = 170-210 g; Portion: 1 Erwachsenenhand = 1 KE",
2058,"Eiweiß","fettes Fleisch","🍽️","g","250,0","Erwachsenenhände ",1,250,1,10,"1 KE = 250 g; Portion: 1,5 Erwachsenenhände = 1 KE",
2069,"Eiweiß","Bratwurst","🍽️","g","300,0","Stück",3,900,3,30,"1 KE = 300 g; Portion: ca. 3 Stück = 1 KE",
2080,"Eiweiß","Fleischkäse","🍕","g","400,0","Scheibe",2,800,2,20,"1 KE = 400 g; Portion: 2 dicke Scheiben = 1 KE",
2091,"Zucker","Agavendicksaft","🍽️","g","13,0","Teelöffel",2,40,"3,08","30,77","1 KE = 13 g; Portion: 20 g = 1.5 KE",
2102,"Zucker","Ahornsirup","🍽️","g","15,0","Teelöffel",2,40,"2,67","26,67","1 KE = 15 g; Portion: 20 g = 1.3 KE",
2113,"Zucker","Honig","🍽️","g","13,0","Teelöffel",2,40,"3,08","30,77","1 KE = 13 g; Portion: 20 g = 1.5 KE",
2134,"Zucker","Zucker: Haushaltszucker, brauner Zucker, Puderzucker, Vanillezucker","🍽️","g","10,0","Esslöffel",1,"","",0,"1 KE = 10 g; Portion: ca. 1 Esslöffel, bzw. 3 Würfelzucker à 3 g  = 1 KE",
2145,"Traubenzucker","Dextro Energy","🍽️","g","10,0","Täfelchen",2,10,1,10,"1 KE = 10 g; Portion: ca. 2 Täfelchen à 5 g  = 1 KE",
2156,"Traubenzucker","Dextro Energy minis","🍽️","g","12,0","Stück",8,12,1,10,"1 KE = 12 g; Portion: ca. 8 Stück à  1,5 g  = 1 KE",
2167,"Traubenzucker","Jubin Flüssigtraubenzucker","🍽️","g","16,0","Tube",1,40,"2,5",25,"1 KE = 16 g; Portion: 1 Tube à  40 g  = 2.5 KE",
2178,"Traubenzucker","Traubenzucker Pulver","🍽️","g","10,0","Esslöffel",1,"","",0,"1 KE = 10 g; Portion: ca. 1 Esslöffel = 1 KE",
2189,"Traubenzucker","Traubenzucker Rolle mit 10 Vitaminen (Drogeriemarkt/Apotheke)","🍽️","g","11,0","Stück",4,10,"0,91","9,09","1 KE = 11 g; Portion: ca. 4 Stück à  2,5 g  = 1 KE",
2200,"Traubenzucker","Traubenzucker-Bonbons rund (Apotheke, einzeln verpackt)","🍽️","g","11,0","Stück",5,10,"0,91","9,09","1 KE = 11 g; Portion: ca. 5 Stück à  2 g  = 1 KE",
2211,"Bonbons/Kaugummis","Bonbons mit Zucker","🍽️","g","10,0","Stück",2,10,1,10,"1 KE = 10 g; Portion: ca. 2 Stück à  5 g ungeeignet",
2222,"Bonbons/Kaugummis","Bonbons ohne Zucker mit Zuckeraustauschstoffen, z. B. Emeukal, Fishermans Friend, Pulmol, Ricola, Vivil, Wick Halsbonbons","🍽️","g","0,0","Stück",5,"","","","5 Stück über den Tag verteilt ohne Berechnung",
2233,"Bonbons/Kaugummis","Gummibärchen","🍽️","g","13,0","Stück",5,"12,5","0,96","9,62","1 KE = 13 g; Portion: 5 Stück à 2,5 g ungeeignet 1 kl. Tüte Goldären minis à 14 g",
2244,"Bonbons/Kaugummis","Gummibärchen ohne Zucker mit Zuckeraustauschstoffen","🍽️","g","0,0","",5,"","","","5 Stück über den Tag verteilt ohne Berechnung",
2255,"Bonbons/Kaugummis","Kaugummis mit Zucker z. B. Huba Bubba","🍽️","g","14,0","Stück",2,"","",0,"1 KE = 14 g; Portion: 1– 2 Stück ungeeignet",
2266,"Bonbons/Kaugummis","Maoam","🍽️","g","12,0","Würfel",1,22,"1,83","18,33","1 KE = 12 g; Portion: 1 Würfel ca. 22 g ungeeignet  ca. = 1.8 KE",
2277,"Bonbons/Kaugummis","Tic Tac","🍽️","g","10,0","Stück",20,10,1,10,"1 KE = 10 g; Portion: 20 Stück à 0,5 g ungeeignet",
2288,"Kekse","Butterkeks","🍪","g","13,0","Stück","2,5","12,5","0,96","9,62","1 KE = 13 g; Portion: 2,5 Stück à 5 g  = 1 KE",
2299,"Kekse","Butterkeks mit Vollmilchschokolade","🍪","g","16,0","Stück",1,14,"0,88","8,75","1 KE = 16 g; Portion: 1 Stück à 14 g  = 0.8 KE",
2310,"Kekse","Doppelkeks","🍪","g","15,0","Stück",1,26,"1,73","17,33","1 KE = 15 g; Portion: 1 Stück à 26 g  = 1.8 KE",
2321,"Kekse","Lebkuchen mit Schokoladenüberzug z. B. Sterne, Brezeln","🍪","g","15,0","Stück",1,28,"1,87","18,67","1 KE = 15 g; Portion: 1 Stück ca. 28 g  = 1.8 KE",
2332,"Kekse","Löffelbiskuit","🍪","g","12,0","Stück","2,5","12,5","1,04","10,42","1 KE = 12 g; Portion: 2,5 Stück à 5 g = 1 KE",
2343,"Kekse","Spekulatius","🍪","g","14,0","Stück",1,10,"0,71","7,14","1 KE = 14 g; Portion: 1 Stück à 10 g  = 0.7 KE",
2354,"Kekse","Vanillekipferl","🍪","g","20,0","Stück",3,21,"1,05","10,5","1 KE = 20 g; Portion: 3 Stück à 7 g  = 1 KE",
2365,"Kekse","Vollkornkekse","🍪","g","15,0","Stück",1,6,"0,4",4,"1 KE = 15 g; Portion: 1 Stück a 6 g = 0.4 KE",
2376,"Kekse","Waffelkeks","🍪","g","18,0","Stück",3,18,1,10,"1 KE = 18 g; Portion: 3 Stück à 6 g = 1 KE",
2387,"Kekse","Weihnachtsplätzchen aus Mürbteig z. B. Spitzbuben","🍪","g","16,0","Stück","2,5","17,5","1,09","10,94","1 KE = 16 g; Portion: 2,5 Stück à 7 g = 1 KE",
2398,"Kekse","Zimtsterne","🍪","g","20,0","Stück",3,18,"0,9",9,"1 KE = 20 g; Portion: 3 Stück à 6 g = 1 KE",
2409,"Schokolade","After Eight","🍫","g","13,0","Stück",3,24,"1,85","18,46","1 KE = 13 g; Portion: 3 Stück à 8 g = 2 KE",
2420,"Schokolade","Balisto","🍫","g","16,0","Stück",1,"18,5","1,16","11,56","1 KE = 16 g; Portion: 1 Stück à 18,5 g = 1.2 KE",
2431,"Schokolade","Bounty","🍫","g","17,0","Stück",1,"28,5","1,68","16,76","1 KE = 17 g; Portion: 1 Stück à 28,5 g = 1.7 KE",
2442,"Schokolade","Choco-Crossies","🍫","g","16,0","Stück",3,15,"0,94","9,38","1 KE = 16 g; Portion: ca. 3 Stück à 5 g = 1 KE",
2453,"Schokolade","Duplo","🍫","g","18,0","Riegel",1,"","",0,"1 KE = 18 g; Portion: 1 Riegel = 1 KE",
2464,"Schokolade","Dominostein","🍫","g","17,0","Stück","1,5","","",0,"1 KE = 17 g; Portion: ca. 1,5 Stück = 1 KE",
2475,"Schokolade","Ferrero Küsschen","🍫","g","23,0","Stück",1,9,"0,39","3,91","1 KE = 23 g; Portion: 1 Stück à 9 g = 0.4 KE",
2486,"Schokolade","Ferrero Rocher","🍫","g","22,0","Stück",1,13,"0,59","5,91","1 KE = 22 g; Portion: 1 Stück à 13 g = 0.6 KE",
2497,"Schokolade","Giotto","🍫","g","20,0","Stück",5,20,1,10,"1 KE = 20 g; Portion: 5 Stück à 4 g = 1 KE",
2508,"Schokolade","Hanuta","🍫","g","18,0","Stück",1,"","",0,"1 KE = 18 g; Portion: 1 Stück = 1.2 KE",
2519,"Schokolade","Kinderbueno","🍫","g","20,0","Riegel",1,22,"1,1",11,"1 KE = 20 g; Portion: 1 Riegel à 22 g = 1.1 KE",
2530,"Schokolade","Kindercountry","🍫","g","18,0","Stück",1,24,"1,33","13,33","1 KE = 18 g; Portion: 1 Stück à 24 g = 1.3 KE",
2541,"Schokolade","Kinderpingui","🍫","g","25,0","Stück",1,30,"1,2",12,"1 KE = 25 g; Portion: 1 Stück à 30 g = 1.2 KE",
2552,"Schokolade","Kinderschokolade","🍫","g","19,0","Riegel",1,20,"1,05","10,53","1 KE = 19 g; Portion: 1 großer Riegel à 20 g 1 kleiner Riegel (13 g) = 0.7 KE",
2563,"Schokolade","Kitkat mini","🍫","g","17,0","Stück",1,"","",0,"1 KE = 17 g; Portion: 1 Stück = 1 KE",
2574,"Schokolade","Knoppers","🍫","g","19,0","Stück",1,25,"1,32","13,16","1 KE = 19 g; Portion: 1 Stück à 25 g = 1.3 KE",
2585,"Schokolade","Lila Pause","🍫","g","18,0","Riegel",1,38,"2,11","21,11","1 KE = 18 g; Portion: 1 Riegel à 38 g = 2.1 KE",
2596,"Schokolade","Mars","🍫","g","14,0","Riegel",1,45,"3,21","32,14","1 KE = 14 g; Portion: 1 Riegel à 45 g = 3.2 KE",
2607,"Schokolade","Milchschnitte","🍫","g","28,0","Stück",1,"","",0,"1 KE = 28 g; Portion: 1 Stück = 1 KE",
2618,"Schokolade","Milky Way","🍫","g","14,0","Riegel",1,"21,5","1,54","15,36","1 KE = 14 g; Portion: 1 Riegel à 21,5 g = 1.5 KE",
2629,"Schokolade","M&Ms","🍫","g","15,0","Päckchen",1,45,3,30,"1 KE = 15 g; Portion: 1 Päckchen à  45 g = 3 KE - 1 Packung  à 165 g = 11 KE",
2640,"Schokolade","Mon Cheri","🍫","g","18,0","Stück",1,"10,5","0,58","5,83","1 KE = 18 g; Portion: 1 Stück à 10,5 g = 0.6 KE",
2651,"Schokolade","Rafaello","🍫","g","25,0","Stück",1,10,"0,4",4,"1 KE = 25 g; Portion: 1 Stück à 10 g = 0.4 KE",
2662,"Schokolade","Schokobons","🍫","g","20,0","Stück",3,18,"0,9",9,"1 KE = 20 g; Portion: 3 Stück à 6 g = 1 KE",
2673,"Schokolade","Schokokuss","🍫","g","15,0","Stück",1,25,"1,67","16,67","1 KE = 15 g; Portion: 1 Stück à 25 g = 1.7 KE",
2684,"Schokolade","Schokolade Vollmilch","🍫","g","20,0","",1,100,5,50,"1 KE = 20 g; Portion: 100 g = 5 KE",
2695,"Schokolade","Schokolade mit Maltit ca. 50 g","🍫","g","50,0","",1,"","",0,"10 g /Tag ohne Berechnung",
2706,"Schokolade","Smarties","🍫","g","14,0","Stück",12,168,12,120,"12 große Smarties oder 1 Packung kleine Smarties",
2717,"Schokolade","Snickers","🍫","g","16,0","Riegel",1,50,"3,13","31,25","1 Riegel à 50 g  = 3 KE",
2728,"Schokolade","Toffifee","🍫","g","16,0","Stück",2,16,1,10,"2 Stück à 8 g",
2739,"Schokolade","Überraschungsei","🍫","g","18,0","Stück",1,20,"1,11","11,11","1 Stück à 20 g  = 1.1 KE",
2750,"Dessert","Actimel","🍽️","g","90,0","Becher","","","",0,"1 Becher à 100 ml = 1.1 KE",
2761,"Dessert","Fruchtjoghurt","🍽️","g","75,0","","","","",0,"Portion: 150 g = 2 KE",
2772,"Dessert","Fruchtzwerge classic","🍽️","g","85,0","Becher","","","",0,"1 Becher à 50 g  = 0.6 KE",
2783,"Dessert","Griesbrei nach klassischer Art","🍽️","g","60,0","",1,200,"3,33","33,33","1 Portion ca 200 g  = 3.3 KE",
2794,"Dessert","Monte Schoko (Zott)","🍫","g","63,0","Becher","","","",0,"1 Becher à 55 g  = 0.9 KE",
2805,"Dessert","Mousse au Chocolat","🍽️","g","50,0","","","","",0,"Portion: 100 g = ca. 2 KE",
2816,"Dessert","Pudding","🍽️","g","60,0","","","","",0,"Portion: 150 g = 2.5 KE",
2827,"Dessert","Rote Grütze","🍽️","g","45,0","","","","",0,"Portion: 125 g = 3 KE",
2838,"Dessert","Vanillesoße","🍽️","g","60,0","","","","",0,"1 KE = 60 ml",
2849,"Kuchen","Apfelstrudel","🍽️","g","37,5","","","","",0,"Stück/Portion: 4 KE",
2860,"Kuchen","Apfeltasche","🍽️","g","33,3","","","","",0,"Stück/Portion: 3 KE",
2871,"Kuchen","Baklava","🍽️","g","25,0","","","","",0,"Stück/Portion: 1 KE",
2882,"Kuchen","Berliner","🍽️","g","24,0","","","","",0,"Stück/Portion: 2,5 KE",
2893,"Kuchen","Bienenstich","🍽️","g","30,0","","","","",0,"Stück/Portion: 2,5 KE",
2904,"Kuchen","Biskuitrolle mit Erdbeersahne","🍽️","g","40,0","","","","",0,"Stück/Portion: 1,5 KE",
2915,"Kuchen","Buttercremetorte z. B. Sacher","🍽️","g","30,0","","","","",0,"Stück/Portion 4 KE",
2926,"Kuchen","Christstollen","🍽️","g","20,0","","","","",0,"Stück/Portion: 2,5 KE",
2937,"Kuchen","Crêpe/Pfannkuchen ohne Füllung","🍽️","g","50,0","","","","",0,"Stück/Portion: 2 KE",
2948,"Kuchen","Crêpe mit Banane und Nutella","🍌","g","40,0","","","","",0,"Portion: 5 KE -  ½ Banane + 2 Teelöffel Nutella",
2959,"Kuchen","Dampfnudel 2 Stück ca.","🍽️","g","27,0","","","","",0,"Stück/Portion: 3,7 KE",
2970,"Kuchen","Donauwelle","🍽️","g","28,6","","","","",0,"Stück/Portion: 4,2 KE",
2981,"Kuchen","Donut","🍽️","g","20,8","","","","",0,"Stück/Portion: 2,4 KE",
2992,"Kuchen","Hefezopf mit Rosinen","🍽️","g","20,0","","","","",0,"Stück/Portion: 3,5 KE",
3003,"Kuchen","Käsekuchen","🍽️","g","33,3","","","","",0,"Stück/Portion: 3 KE",
3014,"Kuchen","Marmorkuchen","🍽️","g","23,3","","","","",0,"Stück/Portion: 3 KE",
3025,"Kuchen","Nussecke","🍽️","g","20,0","","","","",0,"Stück/Portion: 5 KE",
3036,"Kuchen","Nusskuchen","🍽️","g","28,0","","","","",0,"Stück/Portion: 2,5 KE",
3047,"Kuchen","Obstkuchen aus Hefeteig","🍽️","g","35,7","","","","",0,"Stück/Portion: 2,8 KE",
3058,"Kuchen","Obstkuchen aus Rührteig","🍽️","g","33,3","","","","",0,"Stück/Portion: 3 KE",
3069,"Kuchen","Obstkuchen aus Mürbteig","🍽️","g","28,6","","","","",0,"Stück/Portion: 3,5 KE",
3080,"Kuchen","Obstkuchen aus Biskuitteig","🍽️","g","25,0","","","","",0,"Stück/Portion: 4 KE",
3091,"Kuchen","Schokomuffin","🍽️","g","28,6","","","","",0,"Stück/Portion: 3,5 KE",
3102,"Kuchen","Schwarzwälder-Kirsch-Torte","🍰","g","31,1","","","","",0,"Stück/Portion: 4,5 KE",
3113,"Kuchen","Streuselkuchen","🍽️","g","17,5","","","","",0,"Stück/Portion: 4 KE",
3124,"Kuchen","Tiramisu","🍽️","g","31,3","","","","",0,"Stück/Portion: 4 KE",
3135,"Kuchen","Waffeln","🍽️","g","22,2","","","","",0,"Stück/Portion: 4,5 KE",
3146,"Kuchen","Zitronenkuchen","🍽️","g","23,3","","","","",0,"Stück/Portion: 3 KE",
3157,"Knabberartikel","Cracker (z. B. von TUC)","🍽️","g","15,0","",4,14,"0,93","9,33","1 KE = 15 g; Portion: 4 Stück à 3,5 g",
3168,"Knabberartikel","Erdnussflips","🍽️","g","20,0","","","","",0,"1 KE = 20 g; Portion: ca. 1 gehäufte Hand",
3179,"Knabberartikel","Esspapier","🍽️","g","12,0","","","","",0,"1 KE = 12 g",
3190,"Knabberartikel","Gebrannte Mandeln","🥜","g","20,0","Tüte","","","",0,"1 KE = 20 g; Portion: 1 Tüte (100 g) = 5 KE",
3201,"Knabberartikel","Kartoffelchips","🍽️","g","20,0","","","","",0,"1 KE = 20 g; Portion: ca. 1 gehäufte Hand",
3212,"Knabberartikel","Krupuk Krabbenchips","🍽️","g","15,0","","","","",0,"1 KE = 15 g",
3223,"Knabberartikel","Popcorn salzig","🍿","g","18,0","","","","",0,"1 KE = 18 g",
3234,"Knabberartikel","Popcorn süß","🍿","g","15,0","","","","",0,"1 KE = 15 g",
3245,"Knabberartikel","Kinopopkorn","🍽️","g","18,0","",1,72,4,40,"Kinder-Portion (72 g); gesalzen 4 KE",
3256,"Knabberartikel","Salzbrezeln","🍽️","g","14,0","",6,"","",0,"1 KE = 14 g; Portion: ca. 6 Stück = 1 KE",
3267,"Knabberartikel","Salzstangen","🍽️","g","14,0","",10,"","",0,"1 KE = 14 g; Portion: ca. 10 Stück = 1 KE",
3278,"Knabberartikel","Tortilla Chips","🥔","g","15,0","","","","",0,"1 KE = 15 g",
3289,"Eis","Calippo verschiedene Sorten","🍽️","g","45,7","",1,105,"2,3",23,"1 Portion: 105 g =  2,3 KE",
3300,"Eis","Capri","🍽️","g","48,3","",1,58,"1,2",12,"1 Portion: 58 g = 1,2 KE",
3311,"Eis","Cornetto Erdbeere","🍽️","g","25,0","",1,75,3,30,"1 Portion: 75 g = 3 KE",
3322,"Eis","Cornetto Nuss","🥜","g","30,0","",1,75,"2,5",25,"1 Portion: 75 g = 2,5 KE",
3333,"Eis","Domino Eis","🍦","g","41,7","",1,50,"1,2",12,"1 Portion: 50 g = 1,2 KE",
3344,"Eis","Eiskonfekt","🍽️","g","21,7","",1,"6,5","0,3",3,"1 Portion:  6.5 g = 0,3 KE",
3355,"Eis","Eiswaffel","🍽️","g","17,5","",1,14,"0,8",8,"1 Portion: 14 g = 0,8 KE",
3366,"Eis","Flutschfinger","🍽️","g","49,2","",1,64,"1,3",13,"1 Portion: 64 g = 1,3 KE",
3377,"Eis","Fruchteis  1 Kugel  à","🍽️","g","30,0","",1,60,2,20,"1 Portion: 60 g = 2 KE",
3388,"Eis","Kaktus-Eis","🍦","g","43,6","",1,48,"1,1",11,"1 Portion: 48 g = 1,1 KE",
3399,"Eis","Milcheis  1 Kugel  à","🍽️","g","40,0","",1,60,"1,5",15,"1 Portion: 60 g = 1,5 KE",
3410,"Eis","Mini-Milk Vanille","🍽️","g","46,0","",1,23,"0,5",5,"1 Portion: 23 g = 0,5 KE",
3421,"Eis","Nogger, Nogger Choc","🍽️","g","33,5","",1,67,2,20,"1 Portion: 67 g = 2 KE",
3432,"Eis","Magnum Classic","🍽️","g","34,4","",1,86,"2,5",25,"1 Portion: 86 g = 2,5 KE",
3443,"Eis","Riesenhappen (Langnese) ","🍽️","g","31,8","",1,54,"1,7",17,"1 Portion: 54 g = 1,7 KE",
3454,"Fertigprodukte","Calamari  10 Stück (ca. 100 g)","🍽️","g","66,7","Stück",10,1000,15,150,"1 Portion: 100 g = 1,5 KE ",
3465,"Fertigprodukte","Chili  con Carne ca. 300 g","🍽️","g","85,7","","","","",0,"1 Portion: 300 g = 3,5 KE ",
3476,"Fertigprodukte","Currywurst mit Brötchen + Ketchup ca. 250 g","🍽️","g","62,5","","","","",0,"1 Portion:  250 g = 4 KE ",
3487,"Fertigprodukte","Döner","🍽️","g","46,2","","","","",0,"1 Portion:  300 g = 6-7 KE ",
3498,"Fertigprodukte","Falaffel 1 Stück à","🍽️","g","25,0","",1,20,"0,8",8,"1 Portion:  20 g = 0,8 KE ",
3509,"Fertigprodukte","Fischstäbchen 1 Stück à","🍽️","g","60,0","",1,30,"0,5",5,"1 Portion:  30 g = ca. 0,5 KE ",
3520,"Fertigprodukte","Frühlingsrollen mini 1 Stück à","🍽️","g","40,0","",1,20,"0,5",5,"1 Portion:  20 g = 0,5 KE ",
3531,"Fertigprodukte","Gemüsesuppe mit Mehl gebunden 1 Teller ca. 200 ml","🍽️","ml","200,0","Teller",1,200,1,10,"1 Portion:  200 ml = 1 KE",
3542,"Fertigprodukte","Gyros in Pitta ca.","🍽️","g","80,0","","","","",0,"1 Portion:  400 g = 5 KE ",
3553,"Fertigprodukte","Hotdog + Senf ca.","🍽️","g","36,7","","","","",0,"1 Portion:  110 g = 3 KE ",
3564,"Fertigprodukte","Käsespätzle ca.","🍽️","g","60,0","","","","",0,"1 Portion:  300 g = 5 KE ",
3575,"Fertigprodukte","Lasagne ca.","🍽️","g","58,3","","","","",0,"1 Portion:  350 g = ca. 6 KE ",
3586,"Fertigprodukte","Maultaschen (schwäbisch) 1 Stück à","🍽️","g","33,3","",1,50,"1,5",15,"1 Portion:  50 g = 1,5 KE ",
3597,"Fertigprodukte","Moussaka ca.","🍽️","g","100,0","","","","",0,"1 Portion:  400 g = 4 KE ",
3608,"Fertigprodukte","Paella ca.","🍽️","g","60,0","","","","",0,"1 Portion:  300 g = 5 KE ",
3619,"Fertigprodukte","Pizza Lieferservice/Pizzeria/Tiefkühl verschiedene Sorten/Durchschnittswert","🍕","g","40,0","","","","",0,"1 Portion:  400 g = ca. 10 KE ",
3630,"Fertigprodukte","Quiche Lorraine 1 Stück ca.","🍽️","g","62,5","",1,150,"2,4",24,"1 Portion:  150 g = 2,4 KE ",
3641,"Fertigprodukte","Schnitzel paniert 1 Stück ca.","🍽️","g","100,0","",1,150,"1,5",15,"1 Portion:  150 g = 1,5 KE ",
3652,"Fertigprodukte","Spaghetti mit Soße ca. z. B. Bolognese, Carbonara, Tomaten","🍅","g","50,0","","","","",0,"1 Portion:  350 g = ca. 7 KE ",
3663,"Fertigprodukte","Sushi, 1 kleiner Sushi (17 g)/1 großer Sushi (32 g)","🍅","g","17,0","Stück",1,17,"0,4",4,"1 kleiner Sushi (17 g)/1 großer Sushi (32 g)",
3674,"Fertigprodukte","Tortellini ca.","🍽️","g","35,7","","","","",0,"1 Portion:  250 g = ca. 7 KE ",
3685,"Fertigprodukte","Zwiebelkuchen 1 Stück ca. 150 g","🍽️","g","50,0","",1,150,3,30,"1 Portion:  150 g = 3 KE ",
3696,"Verschiedenes","Kaba, Nesquick","🍽️","g","13,0","Esslöffel",1,"","",0,"1 KE = 13 g; Portion: ca. 1 gehäufter Esslöffel (~1 g) = 1 KE",
3707,"Verschiedenes","Kakaopulver ohne Zuckerzusatz","🍽️","g","100,0","","","","",0,"1 KE = 100 g; Portion: ohne Berechnung = 1 KE",
3718,"Verschiedenes","Ketchup","🍽️","g","37,0","Esslöffel",3,"","",0,"1 KE = 37 g; Portion: ca. 3 Esslöffel = 1 KE",
3739,"Verschiedenes","Ketchup Diät ca. 5 g Kohlenhydrate/ 100 g","🍽️","g","200,0","","","","",0,"1 KE = 200 g; Portion: ohne Berechnung = 1 KE",
3750,"Verschiedenes","Marmelade verschiedene Sorten ca. 70 g Kohlenhydrate/ 100g","🍽️","g","15,0","Teelöffel",2,40,"2,67","26,67","1 KE = 15 g; Portion: 20 g = 1.3 KE",
3761,"Verschiedenes","Dietmarmelade (mit Süßstoff oder Zuckeraustauschstoff)","🍽️","g","40,0","Teelöffel",4,"","",0,"1 KE = 40 g",
3772,"Verschiedenes","Nuss Nougat Creme","🥜","g","17,0","Teelöffel",2,"","",0,"1 KE = 17 g; Portion: ca. 2 Teelöffel = 1 KE",
3783,"Verschiedenes","Nuss Nougat Creme mit Stevia oder Erythrit 40 g pro Tag o.B.","🥜","g","0,0","","","","","","40 g; Portion: pro Tag ohne Berechnung",
3794,"Verschiedenes","Puddingpulver","🍽️","g","11,0","Esslöffel",1,"","",0,"1 KE = 11 g; Portion: 1 Esslöffel = 1 KE",
3805,"Verschiedenes","Sojasauce","🍽️","ml","200,0","","","","",0,"1 KE = 200 ml",
3816,"Verschiedenes","Soße mit Mehl bzw. Stärke gebunden","🍽️","g","5,0","Portion",1,"","",0,0,
3827,"Verschiedenes","Soße dünn z. B. Bratenfond o.B.","🍽️","g","0,0","","","","","",0,
3838,"Getränke","Apfelsaftschorle (1:1)","🥤","ml","200,0","","","","",0,"1 KE = 200 ml",
3849,"Getränke","Alkoholfreies Bier","🥤","ml","200,0","","","","",0,"1 KE = 200 ml",
3860,"Getränke","Eistee","🥤","ml","110,0","","","","",0,"1 KE = 110 ml",
3871,"Getränke","Fruchtsaft ohne Zuckerzusatz z. B. Apfelsaft, Orangensaft","🥤","ml","100,0","","","","",0,"1 KE = 100 ml",
3882,"Getränke","Fruchtsirup","🥤","ml","15,0","","","","",0,"1 KE = 15 ml",
3893,"Getränke","Karottensaft","🥤","ml","140,0","","","","",0,"1 KE = 140 ml",
3898,"Getränke","Limonade mit Zucker","🥤","ml","100,0","","","","",0,"1 KE = 100 ml",
3904,"Getränke","Malzbier","🥤","ml","100,0","","","","",0,"1 KE = 100 ml",
3909,"Getränke","Tomatensaft","🥤","ml","340,0","","","","",0,"1 KE = 340 ml",
3915,"Getränke","Traubensaft 100 % ","🥤","ml","60,0","","","","",0,"1 KE = 60 ml",
3920,"McDonald`s KE-Tabelle","McFlurry ohne Topping 1 Portion à 167 g","🍽️","g","43,9","Portion",1,167,"3,8",38,"Portion: 167 g = 3,8 KE",
3926,"McDonald`s KE-Tabelle","McFlurry Topping Karamellsauce 1 Portion à 40 g","🍽️","g","14,8","Portion",1,40,"2,7",27,"Portion: 40 g = 2,7 KE",
3931,"McDonald`s KE-Tabelle","McFlurry Topping Schokosauce 1 Portion à 40 g","🍽️","g","22,2","Portion",1,40,"1,8",18,"Portion: 40 g = 1,8 KE",
3937,"McDonald`s KE-Tabelle","McFlurry Topping Smarties 1 Portion à 40 g","🍽️","g","16,0","Portion",1,40,"2,5",25,"Portion: 40 g = 2,5 KE",
3942,"McDonald`s KE-Tabelle","McFlurry Kitkat 1 Portion à 40 g","🍔","g","21,1","Portion",1,40,"1,9",19,"Portion: 40 g = 1,9 KE",
3948,"McDonald`s KE-Tabelle","King Shake verschiedene Geschmacksrichtungen klein","🍽️","ml","44,6","",1,156,"3,5",35,"Portion: 156 ml =  3,5 KE",
3953,"Glutenfreie Ernährung (Schär)","Brot Mix dunkel","🍞","g","16,0","","","","",0,"1 KE = 16 g",
3959,"Glutenfreie Ernährung (Schär)","Brot Mix Mix B","🍞","g","12,0","","","","",0,"1 KE = 12 g",
3964,"Glutenfreie Ernährung (Schär)","Kuchen und Kekse Mehl Mehl-Mix C","🍰","g","12,0","","","","",0,"1 KE = 12 g",
3970,"Glutenfreie Ernährung (Schär)","Mix it Universal Kuchenbackmischung","🍽️","g","12,0","","","","",0,"1 KE = 12 g",
3975,"Glutenfreie Ernährung (Schär)","Mehl","🍽️","g","12,0","","","","",0,"1 KE = 12 g",
3981,"Glutenfreie Ernährung (Schär)","Pangrati Paniermehl Brot/Brötchen","🍞","g","16,0","","","","",0,"1 KE = 16 g",
3992,"Glutenfreie Ernährung (Schär)","Baguette Minibaguette","🍞","g","19,0","","","","",0,"1 KE = 19 g; Portion: 1 mini Baguette ca. 75 g = 3.9 KE",
4003,"Glutenfreie Ernährung (Schär)","Bon matin-Brötchen","🍽️","g","20,0","","","","",0,"1 KE = 20 g; Portion: 1 Brötchen ca. 50 g = 2.5 KE",
4014,"Glutenfreie Ernährung (Schär)","Ciabatta Ciabatta Rustica","🍽️","g","25,0","","","","",0,"1 KE = 25 g; Portion: 1 Brötchen ca. 50 g = 2 KE",
4025,"Glutenfreie Ernährung (Schär)","Foccacia","🍽️","g","24,0","","","","",0,"1 KE = 24 g; Portion: 1 Stück ca. 66 g = 2.7 KE",
4036,"Glutenfreie Ernährung (Schär)","Landbrot","🍽️","g","25,0","","","","",0,"1 KE = 25 g; Portion: 1 Scheibe ca. 48 g = 2 KE",
4047,"Glutenfreie Ernährung (Schär)","Laugenbrötchen","🍽️","g","21,0","","","","",0,"1 KE = 21 g; Portion: 1 Stück à 50 g = 2.4 KE",
4058,"Glutenfreie Ernährung (Schär)","Mehrkornbrötchen","🍽️","g","26,0","","","","",0,"1 KE = 26 g; Portion: 1 Stück à 53 g = 2 KE",
4069,"Glutenfreie Ernährung (Schär)","Pan carre","🍽️","g","25,0","","","","",0,"1 KE = 25 g; Portion: 1 Scheibe ca. 20 g = 0.8 KE",
4080,"Glutenfreie Ernährung (Schär)","Panini","🍽️","g","22,0","","","","",0,"1 KE = 22 g; Portion: 1 Brötchen ca. 50 g = 2.2 KE",
4091,"Glutenfreie Ernährung (Schär)","Piadina Wrapp","🍽️","g","20,0","","","","",0,"1 KE = 20 g; Portion: 1 Stück ca. 80 g = 4 KE",
4102,"Glutenfreie Ernährung (Schär)","Solena Vollkornbrot","🍽️","g","32,0","","","","",0,"1 KE = 32 g",
4113,"Glutenfreie Ernährung (Schär)","Crackers","🍽️","g","13,0","","","","",0,"1 KE = 13 g; Portion: 1 Stück ca. 6 g = 0.5 KE",
4124,"Glutenfreie Ernährung (Schär)","Crackers Pocket","🍽️","g","17,0","","","","",0,"1 KE = 17 g; Portion: 1 Stück ca. 6 g = 0.3 KE",
4135,"Glutenfreie Ernährung (Schär)","Petit crisp sharpar","🍽️","g","13,0","","","","",0,"1 KE = 13 g; Portion: 1 Stück ca. 10 g = 0.8 KE",
4146,"Glutenfreie Ernährung (Schär)","Croissant","🥐","g","22,0","","","","",0,"1 KE = 22 g; Portion: 1 Stück ca. 62,5 g = 2.8 KE",
4157,"Glutenfreie Ernährung (Schär)","Grissini","🍽️","g","12,0","","","","",0,"1 KE = 12 g; Portion: 1 Stück ca. 5 g = 0.4 KE",
4168,"Glutenfreie Ernährung (Schär)","Knäckebröd","🍽️","g","16,0","","","","",0,"1 KE = 16 g; Portion: 1 Scheibe ca.12 g = 0.75 KE",
4179,"Glutenfreie Ernährung (Schär)","Knusperbrot","🍽️","g","13,0","","","","",0,"1 KE = 13 g; Portion: 1 Stück ca. 7 g = 0.5 KE",
4190,"Glutenfreie Ernährung (Schär)","Pizza Margherita","🍕","g","23,0","","","","",0,"1 KE = 23 g; Portion: 1 Stück ca. 70 g = 3 KE",
4201,"Glutenfreie Ernährung (Schär)","Sallinis","🍽️","g","14,0","","","","",0,"1 KE = 14 g; Portion: 1 Packung ca. 60 g = 4.2 KE",
4212,"Glutenfreie Ernährung (Schär)","Salti","🍽️","g","13,0","","","","",0,"1 KE = 13 g; Portion: 1 Stück ca. 5 g = 0.4 KE",
4223,"Glutenfreie Ernährung (Schär)","Zwieback Pasta roh gekocht","🍝","g","13,0","","","","",0,"1 KE = 13 g; Portion: 1 Stück ca. 7 g = 0.5 KE",
4234,"Glutenfreie Ernährung (Schär)","Anelli, Capelli, Conchigliette, Farfalle,Fusilli, Lasagne, Penne, Pipette, Rigatti, Spaghetti Cerealien","🍝","g","13,0","","","","",0,"1 KE = 13 g; Portion: 40 g",
4245,"Glutenfreie Ernährung (Schär)","Cornflakes","🥣","g","13,0","","","","",0,"1 KE = 13 g",
4256,"Glutenfreie Ernährung (Schär)","Crunchy Müsli","🍽️","g","17,0","","","","",0,"1 KE = 17 g",
4267,"Glutenfreie Ernährung (Schär)","Milly Magic 1-2-3","🍽️","g","13,0","","","","",0,"1 KE = 13 g",
4278,"Glutenfreie Ernährung (Schär)","Müsli Fruit","🍽️","g","16,0","","","","",0,"1 KE = 16 g",
4289,"Glutenfreie Ernährung (Schär)","Butterkeks","🍽️","g","13,0","","","","",0,"1 KE = 13 g; Portion: 1 Stück ca. 8 g = 0.6 KE",
4300,"Glutenfreie Ernährung (Schär)","Choco Butterkeks","🍽️","g","15,0","","","","",0,"1 KE = 15 g",
4311,"Glutenfreie Ernährung (Schär)","Cereal Bar, Cereal Bar Banana","🍽️","g","17,0","","","","",0,"1 KE = 17 g; Portion: 1 Riegel ca. 25 g = 1.5 KE",
4322,"Glutenfreie Ernährung (Schär)","Cereal Disco","🍽️","g","14,0","","","","",0,"1 KE = 14 g; Portion: 1 Stück ca. 12 g = 0.8 KE",
4333,"Glutenfreie Ernährung (Schär)","Cioccolini","🍽️","g","17,0","","","","",0,"1 KE = 17 g; Portion: 1 Stück ca. 9 g = 0.5 KE",
4344,"Glutenfreie Ernährung (Schär)","Ciocko Sticks","🍽️","g","16,0","","","","",0,"1 KE = 16 g; Portion: 1 Stück ca. 7 g = 0.4 KE",
4355,"Glutenfreie Ernährung (Schär)","Digestive Choc","🍽️","g","16,0","","","","",0,"1 KE = 16 g; Portion: 1 Stück ca. 7 g = 0.4 KE",
4366,"Glutenfreie Ernährung (Schär)","Magdalenas","🍽️","g","17,0","","","","",0,"1 KE = 17 g; Portion: 1 Stück ca. 50 g = 3 KE",
4377,"Glutenfreie Ernährung (Schär)","Meranetti","🍽️","g","19,0","","","","",0,"1 KE = 19 g; Portion: 1 Stück ca. 50 g = 2.6 KE",
4388,"Glutenfreie Ernährung (Schär)","Milly Friends","🍽️","g","15,0","","","","",0,"1 KE = 15 g; Portion: 1 Stück ca. 4 g = 0.25 KE",
4399,"Glutenfreie Ernährung (Schär)","Milly Gris&Ciocc","🍽️","g","15,0","","","","",0,"1 KE = 15 g; Portion: 1 Pck. 52 g = 3.5 KE",
4410,"Glutenfreie Ernährung (Schär)","Noccioli","🍽️","g","18,0","","","","",0,"1 KE = 18 g; Portion: 1 Stück ca. 21 g = 1.2 KE",
4421,"Glutenfreie Ernährung (Schär)","Orangino","🍽️","g","14,0","","","","",0,"1 KE = 14 g; Portion: 1 Stück ca. 13 g = 0.9 KE",
4432,"Glutenfreie Ernährung (Schär)","Plum Cake, Yogo Cake","🍽️","g","18,0","","","","",0,"1 KE = 18 g; Portion: 1 Stück ca. 33 g = 1.8 KE",
4443,"Glutenfreie Ernährung (Schär)","Quadritos","🍽️","g","18,0","","","","",0,"1 KE = 18 g",
4454,"Glutenfreie Ernährung (Schär)","Savoiardi","🍽️","g","14,0","","","","",0,"1 KE = 14 g; Portion: 1 Stück ca. 10 g = 0.7 KE",
4465,"Glutenfreie Ernährung (Schär)","Snack","🍽️","g","14,0","","","","",0,"1 KE = 14 g; Portion: 1 Riegel ca. 35 g = 2.5 KE",
4476,"Glutenfreie Ernährung (Schär)","Sorrisi","🍽️","g","15,0","","","","",0,"1 KE = 15 g; Portion: 1 Stück ca. 11 g = 0.7 KE",
